{"episode": 1, "ret1": -1.001381378173829, "ret2": -1.001399230957032}
{"episode": 2, "ret1": -1.001533966064454, "ret2": -1.001719970703126}
{"episode": 3, "ret1": -1.0000728607177742, "ret2": -1.0011434173583993}
{"episode": 4, "ret1": -1.1035785675048837, "ret2": -1.145557098388673}
{"episode": 5, "ret1": -1.0006564331054697, "ret2": -1.0006200408935555}
{"episode": 6, "ret1": -1.0013804626464853, "ret2": -1.0000434112548837}
{"episode": 7, "ret1": -1.0008311462402353, "ret2": -1.0008512115478525}
{"episode": 8, "ret1": -1.000729751586915, "ret2": -1.001195831298829}
{"episode": 9, "ret1": -1.0008000183105477, "ret2": -1.0001638031005868}
{"episode": 10, "ret1": -1.0012918090820322, "ret2": -1.001225128173829}
{"episode": 11, "ret1": -0.9646055603027351, "ret2": -1.0932522583007822}
{"episode": 12, "ret1": -1.0010502624511728, "ret2": -1.0011235046386728}
{"episode": 13, "ret1": -1.0915476989746102, "ret2": -0.9611656951904305}
{"episode": 14, "ret1": -1.0109078216552743, "ret2": -1.0099547576904306}
{"episode": 15, "ret1": -1.0008990478515634, "ret2": -1.0008632659912118}
{"episode": 16, "ret1": -1.0008061218261728, "ret2": -1.0006471252441416}
{"episode": 17, "ret1": -1.533167877197267, "ret2": -1.4696551513671887}
{"episode": 18, "ret1": -1.0028388214111337, "ret2": -1.0030824279785164}
{"episode": 19, "ret1": -0.9665087127685555, "ret2": -1.0879745483398446}
{"episode": 20, "ret1": -1.0010937500000008, "ret2": -1.0010231781005867}
{"episode": 21, "ret1": -1.0005281829833992, "ret2": -1.001153106689454}
{"episode": 22, "ret1": -1.0053992462158212, "ret2": -0.9985116577148446}
{"episode": 23, "ret1": -1.0007698822021494, "ret2": -1.0007798767089853}
{"episode": 24, "ret1": -0.9999595642089852, "ret2": -1.001618652343751}
{"episode": 25, "ret1": -1.0378955841064461, "ret2": -1.0409258270263682}
{"episode": 26, "ret1": -1.0008199310302743, "ret2": -1.0003334808349618}
{"episode": 27, "ret1": -1.0001093292236336, "ret2": -1.001252441406251}
{"episode": 28, "ret1": -1.0856623077392586, "ret2": -0.9619577789306649}
{"episode": 29, "ret1": -1.0016408538818369, "ret2": -1.001763000488282}
{"episode": 30, "ret1": -0.9981493377685555, "ret2": -1.0075648498535166}
{"episode": 31, "ret1": -1.0012330627441415, "ret2": -1.0011002349853524}
{"episode": 32, "ret1": -0.9955784606933602, "ret2": -1.0185528564453135}
{"episode": 33, "ret1": -0.9997689819335946, "ret2": -1.091893539428712}
{"episode": 34, "ret1": -1.0045870208740242, "ret2": -1.0048139953613289}
{"episode": 35, "ret1": -1.0000277709960945, "ret2": -1.001628189086915}
{"episode": 36, "ret1": -0.9353559112548836, "ret2": -1.1372643280029306}
{"episode": 37, "ret1": -1.52632293701172, "ret2": -0.8838106536865242}
{"episode": 38, "ret1": -1.0005009460449228, "ret2": -1.0009915924072275}
{"episode": 39, "ret1": -1.0008612060546884, "ret2": -1.000859680175782}
{"episode": 40, "ret1": -0.9688404083251961, "ret2": -1.0936492156982431}
{"episode": 41, "ret1": -1.0018859100341806, "ret2": -1.0001263427734384}
{"episode": 42, "ret1": -1.4334844970703138, "ret2": -1.3805358886718762}
{"episode": 43, "ret1": -0.9613757324218758, "ret2": -1.0913727569580087}
{"episode": 44, "ret1": -1.0008404541015634, "ret2": -1.0008336639404305}
{"episode": 45, "ret1": -1.000643615722657, "ret2": -1.000171432495118}
{"episode": 46, "ret1": -1.003337478637696, "ret2": -0.9992685699462899}
{"episode": 47, "ret1": -1.0078580474853525, "ret2": -1.0032286071777352}
{"episode": 48, "ret1": -1.0007326507568368, "ret2": -1.0006661987304697}
{"episode": 49, "ret1": -1.0005639648437508, "ret2": -1.0016185760498055}
{"episode": 50, "ret1": -1.0008959197998055, "ret2": -1.0008876037597665}
