{"episode": 1, "ret1": -0.9604985046386727, "ret2": -1.0921464538574228}
{"episode": 2, "ret1": -1.0011266326904305, "ret2": -1.0000511169433601}
{"episode": 3, "ret1": -1.000822296142579, "ret2": -1.0003878784179696}
{"episode": 4, "ret1": -1.0869881439208993, "ret2": -0.960207061767579}
{"episode": 5, "ret1": -1.0011051940917977, "ret2": -1.000072097778321}
{"episode": 6, "ret1": -0.9535717010498055, "ret2": -1.103652343750001}
{"episode": 7, "ret1": -1.0022091674804696, "ret2": -0.9999933624267586}
{"episode": 8, "ret1": -1.0001239013671883, "ret2": -1.0009139251708994}
{"episode": 9, "ret1": -0.9651955413818367, "ret2": -1.08854103088379}
{"episode": 10, "ret1": -1.0009230804443368, "ret2": -1.0007521820068368}
{"episode": 11, "ret1": -1.0007839965820322, "ret2": -1.0008596038818367}
{"episode": 12, "ret1": -1.0009400177001961, "ret2": -1.0004029846191416}
{"episode": 13, "ret1": -1.0012108612060555, "ret2": -1.0001546478271492}
{"episode": 14, "ret1": -1.0008563232421883, "ret2": -1.0006388092041023}
{"episode": 15, "ret1": -1.0007138061523446, "ret2": -1.0007408905029305}
{"episode": 16, "ret1": -1.0251539611816416, "ret2": -1.031074981689454}
{"episode": 17, "ret1": -1.0047882843017586, "ret2": -1.0045906829833993}
{"episode": 18, "ret1": -1.0017604827880868, "ret2": -0.999886016845704}
{"episode": 19, "ret1": -0.9285126495361335, "ret2": -1.157467269897462}
{"episode": 20, "ret1": -0.8532279205322273, "ret2": -1.3073139953613293}
{"episode": 21, "ret1": -1.0952562713623055, "ret2": -0.9681282043457039}
{"episode": 22, "ret1": -1.0010037231445321, "ret2": -1.0009408569335947}
{"episode": 23, "ret1": -0.9596130371093758, "ret2": -1.0892942810058603}
{"episode": 24, "ret1": -1.0391416931152353, "ret2": -1.0039308929443367}
{"episode": 25, "ret1": -1.0007402038574227, "ret2": -1.0018988037109384}
{"episode": 26, "ret1": -1.0008592224121102, "ret2": -1.0008560943603524}
{"episode": 27, "ret1": -1.001615982055665, "ret2": -0.9999314880371102}
{"episode": 28, "ret1": -1.000106506347657, "ret2": -1.0014686584472665}
{"episode": 29, "ret1": -0.9638793945312508, "ret2": -1.0803227233886727}
{"episode": 30, "ret1": -1.0009013366699226, "ret2": -1.0009251403808603}
{"episode": 31, "ret1": -1.000255889892579, "ret2": -1.0007324981689463}
{"episode": 32, "ret1": -1.0022031402587899, "ret2": -0.999757614135743}
{"episode": 33, "ret1": -1.001097946166993, "ret2": -1.0011559295654306}
{"episode": 34, "ret1": -0.9572341156005868, "ret2": -1.0910472869873056}
{"episode": 35, "ret1": -2.3300523376464866, "ret2": -1.102567596435548}
{"episode": 36, "ret1": -1.003170928955079, "ret2": -1.00063087463379}
{"episode": 37, "ret1": -1.0004505157470711, "ret2": -1.0030155944824228}
{"episode": 38, "ret1": -1.0821024322509776, "ret2": -0.9603993225097665}
{"episode": 39, "ret1": -1.0864173889160165, "ret2": -0.960816192626954}
{"episode": 40, "ret1": -1.001332778930665, "ret2": -1.0122206115722665}
{"episode": 41, "ret1": -1.0020355224609383, "ret2": -1.0014795684814461}
{"episode": 42, "ret1": -1.0008509826660166, "ret2": -1.0008063507080087}
{"episode": 43, "ret1": -1.0024427795410165, "ret2": -0.9999662780761728}
{"episode": 44, "ret1": -0.9636087799072274, "ret2": -1.0832428741455087}
{"episode": 45, "ret1": -1.0007042694091806, "ret2": -1.0007210540771494}
{"episode": 46, "ret1": -1.062969512939454, "ret2": -0.9756617736816414}
{"episode": 47, "ret1": -1.0008633422851572, "ret2": -1.0008647918701181}
{"episode": 48, "ret1": -1.000322799682618, "ret2": -1.0009035491943368}
{"episode": 49, "ret1": -1.003772506713868, "ret2": -1.0067530059814462}
{"episode": 50, "ret1": -1.0008229827880868, "ret2": -1.0007484436035166}
